yr,value
2008,722.912
2009,376.82
2005,689.962
2006,740.393
2012,575.9451555
2014,520.089
2013,502.5791882
1999,242.758
2002,394.225
2017,561.0036241
2016,514.938
2015,534.562
1998,150.883
2004,580.008
2000,356.79
1997,99.1235667
2007,694.879
2010,512.0288596
2003,469.037
2011,588.2606491
2001,344.497
